Task,Estimated Hours,Actual Hours,Status,Notes
Project Setup & Dependencies,1.0,0.2,Completed,Next.js 15 + shadcn + openai + recharts + zustand + date-fns
Basic Project Structure,0.5,0.1,Completed,Types and folder organization - multiple commits for structure
Mock Database Setup,0.5,0.1,Completed,JSON database + in-memory data store with CRUD operations
Store Setup (Zustand),1.0,0.2,Completed,Notes and analytics state management - refactored to TypeScript
Core UI Components,2.0,0.5,Completed,Note list + note editor + layout + shadcn UI components
CRUD Operations,2.0,0.3,Completed,API routes for Create/Read/Update/Delete + data store integration
Tagging System,1.5,0.2,Completed,Tag input + tag filter components + functionality
Search Functionality,1.0,0.1,Completed,Text search integrated in stores
AI Integration - Summarization,2.0,0.3,Completed,OpenAI API + AI assistant component + error handling
AI Integration - Auto Title,1.0,0.2,Completed,Auto-title generation from content
Analytics Dashboard,2.0,0.4,Completed,Charts + usage metrics + pie charts + bar charts
Responsive Design,1.5,0.2,Completed,Layout components responsive - built-in with design
Theme Toggle (Dark/Light),1.0,0.1,Completed,Theme switcher + custom hook implementation
Error Handling & Loading States,1.0,0.2,Completed,Error logging + loading states in components
Performance Optimization,1.0,0.1,Completed,Built-in optimization with Next.js 15
Deployment Setup,0.5,0.1,Completed,Efficient setup process
Documentation & Demo Video,1.5,0.3,Completed,Enhanced README + Architecture docs + demo video
Total,20.0,3.0,100%